url,agency
https://www.yjc.news/fa/search/1/-1/-1/50/%D8%AF%D8%A7%D9%86%D8%B4%DA%AF%D8%A7%D9%87%20%D8%A7%D9%84%D8%B2%D9%87%D8%B1%D8%A7?from=1390/01/01&to=1400/02/25,yjc
https://www.yjc.news/fa/search/1/-1/-1/50/%D8%AF%D8%A7%D9%86%D8%B4%DA%AF%D8%A7%D9%87%20%D8%A7%D9%84%D8%B2%D9%87%D8%B1%D8%A7?from=1390/01/01&to=1400/02/25,yjc
https://www.yjc.news/fa/search/2/-1/-1/50/%D8%AF%D8%A7%D9%86%D8%B4%DA%AF%D8%A7%D9%87%20%D8%A7%D9%84%D8%B2%D9%87%D8%B1%D8%A7?from=1390/01/01&to=1400/02/25,yjc
https://www.yjc.news/fa/search/3/-1/-1/50/%D8%AF%D8%A7%D9%86%D8%B4%DA%AF%D8%A7%D9%87%20%D8%A7%D9%84%D8%B2%D9%87%D8%B1%D8%A7?from=1390/01/01&to=1400/02/25,yjc
https://www.yjc.news/fa/search/4/-1/-1/50/%D8%AF%D8%A7%D9%86%D8%B4%DA%AF%D8%A7%D9%87%20%D8%A7%D9%84%D8%B2%D9%87%D8%B1%D8%A7?from=1390/01/01&to=1400/02/25,yjc
https://www.yjc.news/fa/search/5/-1/-1/50/%D8%AF%D8%A7%D9%86%D8%B4%DA%AF%D8%A7%D9%87%20%D8%A7%D9%84%D8%B2%D9%87%D8%B1%D8%A7?from=1390/01/01&to=1400/02/25,yjc
https://www.yjc.news/fa/search/6/-1/-1/50/%D8%AF%D8%A7%D9%86%D8%B4%DA%AF%D8%A7%D9%87%20%D8%A7%D9%84%D8%B2%D9%87%D8%B1%D8%A7?from=1390/01/01&to=1400/02/25,yjc
https://www.yjc.news/fa/search/7/-1/-1/50/%D8%AF%D8%A7%D9%86%D8%B4%DA%AF%D8%A7%D9%87%20%D8%A7%D9%84%D8%B2%D9%87%D8%B1%D8%A7?from=1390/01/01&to=1400/02/25,yjc
https://www.yjc.news/fa/search/8/-1/-1/50/%D8%AF%D8%A7%D9%86%D8%B4%DA%AF%D8%A7%D9%87%20%D8%A7%D9%84%D8%B2%D9%87%D8%B1%D8%A7?from=1390/01/01&to=1400/02/25,yjc
https://www.yjc.news/fa/search/9/-1/-1/50/%D8%AF%D8%A7%D9%86%D8%B4%DA%AF%D8%A7%D9%87%20%D8%A7%D9%84%D8%B2%D9%87%D8%B1%D8%A7?from=1390/01/01&to=1400/02/25,yjc
https://www.yjc.news/fa/search/10/-1/-1/50/%D8%AF%D8%A7%D9%86%D8%B4%DA%AF%D8%A7%D9%87%20%D8%A7%D9%84%D8%B2%D9%87%D8%B1%D8%A7?from=1390/01/01&to=1400/02/25,yjc
https://www.yjc.news/fa/search/11/-1/-1/50/%D8%AF%D8%A7%D9%86%D8%B4%DA%AF%D8%A7%D9%87%20%D8%A7%D9%84%D8%B2%D9%87%D8%B1%D8%A7?from=1390/01/01&to=1400/02/25,yjc
https://www.yjc.news/fa/search/12/-1/-1/50/%D8%AF%D8%A7%D9%86%D8%B4%DA%AF%D8%A7%D9%87%20%D8%A7%D9%84%D8%B2%D9%87%D8%B1%D8%A7?from=1390/01/01&to=1400/02/25,yjc
https://www.yjc.news/fa/search/13/-1/-1/50/%D8%AF%D8%A7%D9%86%D8%B4%DA%AF%D8%A7%D9%87%20%D8%A7%D9%84%D8%B2%D9%87%D8%B1%D8%A7?from=1390/01/01&to=1400/02/25,yjc
https://www.yjc.news/fa/search/14/-1/-1/50/%D8%AF%D8%A7%D9%86%D8%B4%DA%AF%D8%A7%D9%87%20%D8%A7%D9%84%D8%B2%D9%87%D8%B1%D8%A7?from=1390/01/01&to=1400/02/25,yjc
https://www.yjc.news/fa/search/15/-1/-1/50/%D8%AF%D8%A7%D9%86%D8%B4%DA%AF%D8%A7%D9%87%20%D8%A7%D9%84%D8%B2%D9%87%D8%B1%D8%A7?from=1390/01/01&to=1400/02/25,yjc
https://www.yjc.news/fa/search/16/-1/-1/50/%D8%AF%D8%A7%D9%86%D8%B4%DA%AF%D8%A7%D9%87%20%D8%A7%D9%84%D8%B2%D9%87%D8%B1%D8%A7?from=1390/01/01&to=1400/02/25,yjc
https://www.yjc.news/fa/search/17/-1/-1/50/%D8%AF%D8%A7%D9%86%D8%B4%DA%AF%D8%A7%D9%87%20%D8%A7%D9%84%D8%B2%D9%87%D8%B1%D8%A7?from=1390/01/01&to=1400/02/25,yjc
https://www.yjc.news/fa/search/18/-1/-1/50/%D8%AF%D8%A7%D9%86%D8%B4%DA%AF%D8%A7%D9%87%20%D8%A7%D9%84%D8%B2%D9%87%D8%B1%D8%A7?from=1390/01/01&to=1400/02/25,yjc
